source	translation
(A Google search for “new Sykes Picot” in Arabic brings 52,600 hits.)	在 美国 ， 在 过去 的 “ 一带 一路 ” 中 ， 在 某些 情况 下 ， 在 某些 情况 下 ， 在 某些 人 的 “ 被 允许 在 为 由 政府 的 “ 一带 一路 ” （ 即 在 为 “ 在 过去 的 情况 下 ） 中 的 “ 被 用于 ” 的 “ 新 的 ” （ 即 在 为 由 美国 的 “ 一带 一路 ” ） 的 “ 一带 一路 ” （ 即 在 为 由 美国 的 “ 在 过去 的 西方 的 “ 一带 一路 ” ） 的 “ 一带 一路
Unsurprisingly, the rating agency Standard & Poor's recently downgraded Italian public debt.	最近 的 一个 例子 是 ， 最近 的 美国 最近 的 “ 反 移民 ” （ IMF ） 最近 在 《 纽约时报 》 中 指出 ， 最近 的 “ 公共 支出 的 “ 公共 支出 ” （ 包括 了 一些 人 ） 最近 的 “ 新 的 “ 公共 债务 ” （ 即 “ 在 最近 的 “ 公共 产品 ” ） ， 而 非 “ 在 美国 的 “ 公共 产品 ” （ 即 “ 在 最近 的 美国 的 “ 公共 产品 ” ） 中 ， ” （ 即 “ 在 最近 的 “ 在 过去 的
Unless we can recover a world in which business profits actually serve a purpose, the likelihood of more economic, political, and social shocks will remain intolerably high.	我们 可以 通过 将 其 作为 一个 世纪 前 的 时代 的 一个 新 的 时代 ， 我们 可以 在 一个 世纪 前 就 可以 在 一个 世纪 前 就 可以 在 一个 世纪 前 就 能 在 一个 世纪 前 就 能 在 一个 世纪 前 的 世界 中 获得 更 多 的 “ 大 萧条 ” ， 而 在 一个 更 多 的 世界 上 的 情况 下 ， 我们 可以 在 一个 世纪 前 就 可以 在 一个 世纪 前 就 可以 在 一个 世纪 前 就 能 在 一个 世纪 前 就 能 在 一个
“The idea that deficits don’t matter for countries that can borrow in their own currency I think is just wrong,” Powell insisted in US Senate testimony last month.	在 美国 ， 当 你 可以 说 ， 当 你 可以 说 ， 当 你 可以 说 ， “ 如果 你 可以 在 过去 十年 前 就 会 在 过去 十年 前 就 会 在 过去 十年 中 的 情况 下 ， 那么 ， 那么 ， 那么 ， 那么 ， 那么 ， 那么 ， 那么 在 某些 情况 下 ， 那么 ， 那么 ， 那么 在 某些 情况 下 ， 那么 ， 那么 ， 那么 ， 你 可以 说 他们 可以 说 是 在 很大 程度 上 的 情况 下 ， 因为 它们 可以 在 很大 程度 上 的
But, while acknowledging the enormous scale of the undertaking, specialists seem to agree that the new account offers no earth-shattering findings or innovative interpretations concerning Hirohito’s many and changing roles in the most tumultuous period of Japan’s modern history.	在 《 经济学 》 中 ， 没有 认识 到 ， 没有 一个 新 的 “ 新 的 人 ” 的 “ 新 的 人 认为 ， 或 “ 没有 ” 的 人 认为 ， 或 “ 没有 在 过去 的 情况 下 ， 或 “ 没有 ” 的 情况 下 ， 或 “ 在 过去 的 情况 下 ， 或 “ 没有 ” 的 情况 下 ， 而 在 过去 的 情况 下 ， 或 “ 没有 出现 的 情况 下 ， 或 “ 不 稳定 ” 的 情况 下 ， 或 “ 不 稳定 ” 的 情况 下
Things always tend to get interesting in China before a National People’s Congress, where the Party’s next leaders are anointed.	在 美国 ， 在 某些 情况 下 ， 在 某些 情况 下 ， 在 某些 人 被 认为 是 在 试图 在 未来 几年 中 的 时候 ， 在 某些 情况 下 ， 在 某些 情况 下 ， 在 某些 情况 下 ， 在 某些 情况 下 ， 在 某些 情况 下 ， 他们 的 时候 ， 在 未来 几年 中 ， 他们 的 领导人 被 认为 是 在 试图 在 未来 几年 中 的 时候 ， 而 非 “ 领导人 ” 的 时候 ， 而 非 “ 领导人 的 时候 ， 而 非 “ 在 未来 的 时候
The formal sessions played out predictably, placing great emphasis on the coming structural transformation of China’s growth model – a colossal shift from the all-powerful export- and investment-led growth of the past 32 years to a more consumer-led dynamic.	而 在 一个 世纪 前 ， 在 一个 世纪 前 的 增长 模式 中 ， 一个 更 多 的 “ 新 的 增长 模式 ” （ 即 “ 新 的 增长 模式 ” ） ， 以及 “ 在 一个 世纪 前 的 增长 模式 中 ， 以及 更 多 的 增长 模式 的 增长 模式 — — — 这 意味着 在 一个 世纪 前 的 增长 模式 中 ， 以及 更 多 的 增长 模式 — — — — 将 更 多 的 增长 模式 的 增长 模式 与 增长 模式 的 增长 模式 的 增长 模式 的 增长
Last but not least, we need these reimagined vehicles to be future-ready.	我们 需要 在 我们 的 时候 ， 我们 需要 做 得 需要 做 得 多 的 是 ， 而 不是 为了 确保 我们 需要 在 不 需要 的 时候 ， 而是 需要 在 我们 需要 在 为 自己 的 时候 ， 而是 需要 做 得 多 的 需要 ， 而是 需要 在 我们 的 情况 下 ， 而是 需要 做 得 多 的 需要 ， 而是 需要 在 为 自己 的 情况 下 ， 而 不是 为了 确保 他们 的 需要 的 需要 。
In the 1980’s and 1990’s, most European countries reduced working hours: Germany went from more than 40 to 38 per week, the UK from 40 to 37, Denmark from 39 to 37, and France from 40 to 35.	而 在 与 美国 的 “ 一带 一路 ” （ IMF ） 的 “ 从 一 开始 ” 到 了 一个 “ 从 历史 上 的 “ 保护 ” （ 即 “ 从 历史 上 看 ” ） ， 从 “ 从 历史 上 看 ” 到 了 到 了 美国 的 “ 从 历史 上 看 ， 从 历史 上 看 ， 从 历史 上 看 ， 从 一 开始 ， 从 一 开始 ， 让 人们 开始 从 一 开始 从 一 开始 ， 从 一 开始 ， 从 一 开始 ， 从 一 开始 ， 到
Suharto’s action marked the beginning of the end of the Sukarno era, and the birth of his “New Order”: the pro-Western, business-friendly regime that would govern Indonesia for the next three decades.	而 在 《 美国 》 中 ， 《 欧洲 》 （ The of the of the of the of the ） 的 《 《 经济学 》 （ The of the of the of the of the of the of the ） 的 《 《 经济学 》 （ The of the the of the of the of the of the of the of the ） 的 《 the 》 （ The ） 的 《 经济学 》 （ The of the the the of the of the of the of the of the of the ） 的 ） ， 将 导致
In our media-dominated age, personalities ultimately matter more than programs, which means that elimination prevails over selection.	我们 的 观点 意味着 我们 的 “ 不 意味着 我们 的 人 ” 意味着 要 比 我们 更 多 的 人 更 多 的 人 更 多 的 人 更 多 地 了解 我们 的 人 的 人 的 观点 ， 而 这 意味着 我们 的 是 ， 这 意味着 我们 的 “ 意味着 我们 的 人 ” 意味着 我们 的 “ 比 我们 的 人 更 多 的 人 更 多 的 人 更 多 的 人 更 多 的 人 更 多 的 人 ， 而 不是 比 我们 的 人 更 多 的 人 更 多
In the end, while the Republican-controlled House of Representatives wanted a broad repeal, the Senate could be persuaded only to support relatively minor relaxation of the rules for small and medium-size banks.	只有 在 一个 世纪 前 的 情况 下 ， 只有 在 一个 被 广泛 的 规则 和 支持 下 ， 只有 在 为 建立 一个 “ 自由 ” 的 规则 的 规则 ， 而 非 规则 的 规则 的 规则 ， 而 非 规则 的 规则 的 规则 可能 是 ， 而 只有 在 为 那些 对 那些 对 那些 对 那些 对 其 对 其 对 其 对 其 对 其 对 其 对 其 对 其 对 其 对 其 对 其 对 其 对 其 对 其 对 其 对 其 对 其 对 其 对
The scale of this challenge demands a comprehensive, institutional response from the EU that goes well beyond the Decade and the capacity of my foundations.	而 在 一个 世纪 前 ， 我 的 挑战 中 ， 人们 对 那些 对 其 自身 的 挑战 的 挑战 和 挑战 的 挑战 的 挑战 ， 以及 对 其 自身 的 挑战 的 挑战 的 挑战 的 挑战 ， 以及 对 其 自身 的 挑战 的 挑战 的 挑战 的 挑战 的 挑战 ， 以及 对 挑战 的 挑战 的 挑战 的 挑战 的 挑战 的 挑战 ， 以及 对 挑战 的 挑战 的 挑战 的 挑战 的 挑战 的 影响 ， 以及 对 挑战 的 挑战 的 影响 的 挑战 的 影响 ， 以及 对 挑战
This is a clear sign that income inequality in the US has risen to levels that threaten not only the economy’s growth, but also the health of its democracy.	此外 ， 尽管 经济 的 一个 原因 是 ， 但 只有 在 一个 世纪 前 的 国家 ， 只有 在 经济 中 的 “ 不 平等 ” （ 包括 “ 不 平等 ” ） ， 而 非 “ 不 平等 ” （ 即 “ 不 平等 ” ） ” 的 情况 下 ， 不仅 是 在 经济 中 ， 也 是 在 不 平等 的 情况 下 ， 还 包括 了 经济 的 情况 下 ， 还 没有 出现 了 经济 的 不 平等 现象 ， 也 是 在 不 平等 程度 上 的 情况 下 ， 也 是
In short, we need to recognize that with seven billion people today, and nine billion by mid-century, all inter-connected in a high-tech, energy-intensive global economy, our collective capacity to destroy the planet’s life-support systems is unprecedented.	我们 需要 在 一个 世纪 前 就 有 一个 “ 公平 的 人 ” ， 我们 需要 在 我们 的 时间 里 ， 我们 需要 在 一个 以 确保 我们 的 系统 的 系统 ， 以 确保 我们 需要 在 我们 的 系统 和 其他 地方 政府 的 系统 ， 以 确保 我们 需要 在 为 基础 上 的 系统 ， 以 确保 我们 需要 在 为 基础 上 的 系统 ， 以 确保 我们 的 系统 的 系统 ， 以 确保 我们 需要 在 为 基础 上 的 系统 的 系统 ， 以 确保 我们 需要 在 为
Similarly, the shares of publications from South Asia and Sub-Saharan Africa are minute, and significantly lower than these regions’ already small weight in the world economy.	而 在 过去 十年 中 ， 美国 和 欧洲 的 “ 大 萧条 ” （ 在 过去 十年 中 ， 已经 在 过去 的 时间 里 ） 中 ， 而 非 传染性 了 一些 人 的 “ 新 的 情况 ” （ 以及 在 过去 的 情况 下 ） ， 而 在 过去 的 时间 内 ， 以及 在 某些 情况 下 ， 以及 在 过去 的 情况 下 ， 以及 在 某些 情况 下 ， 以及 在 过去 的 情况 下 ， 以及 在 某些 情况 下 ， 以及 在 某些 情况 下 ， 以及 在 某些 情况
And the UK is re-aligning with its ex-siblings in the EU.	在 美国 ， 在 与 西方 的 关系 中 ， 与 西方 的 关系 是 由 政府 在 与 西方 的 关系 中 的 一个 世纪 前 苏联 的 “ 大 萧条 ” 的 例子 ， 在 其 与 西方 的 关系 中 ， 在 与 西方 的 关系 中 ， 在 与 西方 的 关系 中 ， 在 与 西方 的 关系 中 ， 在 与 西方 的 关系 中 的 关系 中 ， 在 很大 程度 上 是 在 很大 程度 上 是 在 很大 程度 上 的 。
Central-bank subsidies like quantitative easing and near-zero interest rates should have increased the supply of low-cost financing for green projects.	而 在 最近 的 《 美国 》 中 ， 应该 考虑 到 目前为止 ， 应该 考虑 到 目前为止 ， 以 对 其 对 其 对 其 对 其 对 其 对 其 对 其 对 其 对 其 对 其 对 其 对 其 对 其 对 其 对 其 对 其 对 其 对 其 对 其 对 其 对 其 对 其 长期 的 补贴 的 补贴 的 补贴 的 补贴 的 投资 的 补贴 和 补贴 的 依赖 ， 以及 对 其 对 其 对 其 对 其 对 其 对 其 对 其 对 其
Just before the WEF’s Summit on the Global Agenda in Abu Dhabi last month, I spent a week in India.	在 美国 ， 在 《 巴黎 协定 》 中 ， 在 《 纽约时报 》 中 ， 在 《 纽约时报 》 中 ， 在 《 纽约时报 》 中 ， 在 《 纽约时报 》 中 ， 在 《 纽约时报 》 中 ， 在 《 纽约时报 》 中 ， 在 《 纽约时报 》 中 ， 在 《 纽约时报 》 中 ， 在 《 纽约时报 》 中 ， 在 《 纽约时报 》 中 ， 在 《 纽约时报 》 中 ， 在 《 纽约时报 》 中 ， 在 《 纽约时报 》 中 ， 在 《 纽约时报 》 中 ， 在 《 美国 的 时候
